"","O","NA.","NA..1","elev"
"1",-18.096399307251,-117.95835815,50.95827695,2031.40319824219
"2",-17.7040996551514,-117.87502485,50.95827695,1724.23840332031
"3",-18.0984992980957,-117.79169155,50.95827695,1817.94592285156
"4",-18.2001991271973,-117.70835825,50.95827695,2118.751953125
"5",-16.6317005157471,-117.62502495,50.95827695,1000.48565673828
"6",-18.3665008544922,-117.54169165,50.95827695,2405.80297851562
"7",-18.7936000823975,-117.45835835,50.95827695,1899.22961425781
"8",-19.1599998474121,-117.37502505,50.95827695,2845.59423828125
"9",-18.8134994506836,-117.29169175,50.95827695,1721.41442871094
"10",-18.2943992614746,-117.20835845,50.95827695,1108.17077636719
"11",-19.4281005859375,-117.12502515,50.95827695,2622.052734375
"12",-19.8854999542236,-117.04169185,50.95827695,2675.181640625
"13",-19.021900177002,-116.95835855,50.95827695,1625.69677734375
"14",-19.1634998321533,-116.87502525,50.95827695,2214.71606445312
"15",-18.9074001312256,-116.79169195,50.95827695,2246.0849609375
"16",-18.1424007415771,-116.70835865,50.95827695,1125.97961425781
"17",-17.4683990478516,-116.62502535,50.95827695,1101.55676269531
"18",-17.3700008392334,-116.54169205,50.95827695,965
"19",-17.3994007110596,-116.45835875,50.95827695,930.889038085938
"20",-18.7196998596191,-116.37502545,50.95827695,1572.93725585938
"21",-19.2134990692139,-116.29169215,50.95827695,2287.47045898438
"22",-18.4514999389648,-116.20835885,50.95827695,1344.59924316406
"23",-18.9479999542236,-116.12502555,50.95827695,1514.44323730469
"24",-19.6473999023438,-116.04169225,50.95827695,2055.89013671875
"25",-17.0564002990723,-117.95835815,50.87494365,752.681579589844
"26",-16.9748001098633,-117.87502485,50.87494365,1445.73815917969
"27",-18.1403999328613,-117.79169155,50.87494365,1991.8818359375
"28",-17.590799331665,-117.70835825,50.87494365,1564.27844238281
"29",-16.497200012207,-117.62502495,50.87494365,721.310424804688
"30",-17.6809005737305,-117.54169165,50.87494365,1082.76696777344
"31",-18.6786003112793,-117.45835835,50.87494365,2210.333984375
"32",-19.0816993713379,-117.37502505,50.87494365,1804.06079101562
"33",-19.1457004547119,-117.29169175,50.87494365,1647.46069335938
"34",-17.9596996307373,-117.20835845,50.87494365,1508.50561523438
"35",-19.236499786377,-117.12502515,50.87494365,2550.1826171875
"36",-19.2579002380371,-117.04169185,50.87494365,1758.82080078125
"37",-18.9304008483887,-116.95835855,50.87494365,2288.13500976562
"38",-19.051700592041,-116.87502525,50.87494365,1554.96240234375
"39",-19.9204998016357,-116.79169195,50.87494365,2224.63623046875
"40",-20.163200378418,-116.70835865,50.87494365,2619.43603515625
"41",-18.7075004577637,-116.62502535,50.87494365,2000.50793457031
"42",-17.6952991485596,-116.54169205,50.87494365,1409.25061035156
"43",-17.3570995330811,-116.45835875,50.87494365,1041.17761230469
"44",-17.1249008178711,-116.37502545,50.87494365,809.131591796875
"45",-18.5909996032715,-116.29169215,50.87494365,1362.28161621094
"46",-19.5946998596191,-116.20835885,50.87494365,2232.25366210938
"47",-18.7481002807617,-116.12502555,50.87494365,1783.23510742188
"48",-18.0212993621826,-116.04169225,50.87494365,1167.23999023438
"49",-17.0944004058838,-117.95835815,50.79161035,1365.14709472656
"50",-17.7077007293701,-117.87502485,50.79161035,2009.66162109375
"51",-17.6448001861572,-117.79169155,50.79161035,1947.86254882812
"52",-16.8560009002686,-117.70835825,50.79161035,1439.61267089844
"53",-16.6965999603271,-117.62502495,50.79161035,998.445617675781
"54",-18.4164009094238,-117.54169165,50.79161035,1720.53747558594
"55",-18.3728008270264,-117.45835835,50.79161035,1641.59924316406
"56",-18.0041007995605,-117.37502505,50.79161035,1601.4736328125
"57",-18.2558994293213,-117.29169175,50.79161035,1088.68017578125
"58",-17.5286998748779,-117.20835845,50.79161035,876.942993164062
"59",-18.8069000244141,-117.12502515,50.79161035,1947.23999023438
"60",-19.2008991241455,-117.04169185,50.79161035,2328.55541992188
"61",-19.7474002838135,-116.95835855,50.79161035,2219.90771484375
"62",-19.8285999298096,-116.87502525,50.79161035,2604.21899414062
"63",-19.5149993896484,-116.79169195,50.79161035,2335.40747070312
"64",-19.1511993408203,-116.70835865,50.79161035,2064.23803710938
"65",-19.7446002960205,-116.62502535,50.79161035,2338.31005859375
"66",-19.6436004638672,-116.54169205,50.79161035,1946.30480957031
"67",-18.2751007080078,-116.45835875,50.79161035,2040.91540527344
"68",-17.4839992523193,-116.37502545,50.79161035,1120.57397460938
"69",-17.3526992797852,-116.29169215,50.79161035,1094.53759765625
"70",-17.7726993560791,-116.20835885,50.79161035,906.906677246094
"71",-18.8649005889893,-116.12502555,50.79161035,1451.66882324219
"72",-18.9627990722656,-116.04169225,50.79161035,2217.96557617188
"73",-15.3404998779297,-117.95835815,50.70827705,441
"74",-16.4244003295898,-117.87502485,50.70827705,1163.23486328125
"75",-15.4755001068115,-117.79169155,50.70827705,441
"76",-16.2670993804932,-117.70835825,50.70827705,807.412780761719
"77",-17.691499710083,-117.62502495,50.70827705,1811.1767578125
"78",-18.3236999511719,-117.54169165,50.70827705,1789.18688964844
"79",-17.6840000152588,-117.45835835,50.70827705,1059.31359863281
"80",-18.6235008239746,-117.37502505,50.70827705,2506.75415039062
"81",-18.4698009490967,-117.29169175,50.70827705,1480.44226074219
"82",-18.1368007659912,-117.20835845,50.70827705,2054.40014648438
"83",-17.1730995178223,-117.12502515,50.70827705,1117.51110839844
"84",-18.0055999755859,-117.04169185,50.70827705,2092.34326171875
"85",-19.2276000976562,-116.95835855,50.70827705,2558.8486328125
"86",-18.744800567627,-116.87502525,50.70827705,2264.6640625
"87",-19.8822994232178,-116.79169195,50.70827705,2840.89672851562
"88",-19.0235004425049,-116.70835865,50.70827705,1944.91198730469
"89",-19.6326007843018,-116.62502535,50.70827705,2477.080078125
"90",-19.5921993255615,-116.54169205,50.70827705,1591.40649414062
"91",-19.4573993682861,-116.45835875,50.70827705,1840.60241699219
"92",-18.5653991699219,-116.37502545,50.70827705,2193.85083007812
"93",-17.5326995849609,-116.29169215,50.70827705,1068.35241699219
"94",-17.3770008087158,-116.20835885,50.70827705,1233.42041015625
"95",-17.6243991851807,-116.12502555,50.70827705,934.724731445312
"96",-19.3992004394531,-116.04169225,50.70827705,1740.77001953125
"97",-15.1485004425049,-117.95835815,50.62494375,973.06787109375
"98",-14.9881000518799,-117.87502485,50.62494375,441
"99",-16.646900177002,-117.79169155,50.62494375,1830.90148925781
"100",-17.8603992462158,-117.70835825,50.62494375,1648.8095703125
"101",-17.0618000030518,-117.62502495,50.62494375,1245.93176269531
"102",-16.309700012207,-117.54169165,50.62494375,917.424011230469
"103",-16.8462009429932,-117.45835835,50.62494375,1273.08154296875
"104",-17.9727993011475,-117.37502505,50.62494375,2139.95434570312
"105",-18.4246997833252,-117.29169175,50.62494375,1457.03344726562
"106",-18.5533008575439,-117.20835845,50.62494375,1904.96789550781
"107",-18.5013008117676,-117.12502515,50.62494375,2160.26391601562
"108",-16.5580997467041,-117.04169185,50.62494375,589.329467773438
"109",-18.7208003997803,-116.95835855,50.62494375,2634.15673828125
"110",-19.1214008331299,-116.87502525,50.62494375,1978.90856933594
"111",-18.4606990814209,-116.79169195,50.62494375,1529.02661132812
"112",-18.7912998199463,-116.70835865,50.62494375,1667.11682128906
"113",-19.6350002288818,-116.62502535,50.62494375,2206.66796875
"114",-20.0344009399414,-116.54169205,50.62494375,2628.54370117188
"115",-19.5585994720459,-116.45835875,50.62494375,2180.04736328125
"116",-19.2611999511719,-116.37502545,50.62494375,2365.201171875
"117",-18.2199001312256,-116.29169215,50.62494375,1273.25598144531
"118",-17.4050998687744,-116.20835885,50.62494375,1040.26086425781
"119",-16.9962997436523,-116.12502555,50.62494375,982.46240234375
"120",-18.0706005096436,-116.04169225,50.62494375,1392.52673339844
"121",-15.052300453186,-117.95835815,50.54161045,688.24560546875
"122",-16.1387004852295,-117.87502485,50.54161045,1292.51440429688
"123",-17.2451000213623,-117.79169155,50.54161045,1729.21765136719
"124",-17.5270004272461,-117.70835825,50.54161045,1873.35900878906
"125",-17.9284000396729,-117.62502495,50.54161045,1765.03393554688
"126",-17.6280002593994,-117.54169165,50.54161045,2028.14855957031
"127",-17.2322006225586,-117.45835835,50.54161045,1808.85083007812
"128",-16.7310009002686,-117.37502505,50.54161045,721
"129",-17.8715991973877,-117.29169175,50.54161045,1735.13781738281
"130",-17.6019992828369,-117.20835845,50.54161045,1064.35925292969
"131",-18.4449005126953,-117.12502515,50.54161045,2327.46630859375
"132",-17.0638999938965,-117.04169185,50.54161045,1852.29357910156
"133",-17.5874004364014,-116.95835855,50.54161045,927.536071777344
"134",-18.354700088501,-116.87502525,50.54161045,1600.37878417969
"135",-18.0415992736816,-116.79169195,50.54161045,1750.8935546875
"136",-19.3920001983643,-116.70835865,50.54161045,2405.00390625
"137",-19.630500793457,-116.62502535,50.54161045,2398.33325195312
"138",-18.9683990478516,-116.54169205,50.54161045,1976.71545410156
"139",-19.058500289917,-116.45835875,50.54161045,2246.40454101562
"140",-18.7474002838135,-116.37502545,50.54161045,1629.44555664062
"141",-18.4855995178223,-116.29169215,50.54161045,1853.85363769531
"142",-17.9125003814697,-116.20835885,50.54161045,1500.05688476562
"143",-17.0587005615234,-116.12502555,50.54161045,988.163940429688
"144",-17.0181999206543,-116.04169225,50.54161045,801.935180664062
"145",-14.7769002914429,-117.95835815,50.45827715,445.117523193359
"146",-15.3575000762939,-117.87502485,50.45827715,495.204803466797
"147",-16.8096008300781,-117.79169155,50.45827715,1680.60803222656
"148",-17.2171993255615,-117.70835825,50.45827715,1407.07678222656
"149",-17.2572994232178,-117.62502495,50.45827715,1391.37280273438
"150",-17.964599609375,-117.54169165,50.45827715,1709.42736816406
"151",-17.9913997650146,-117.45835835,50.45827715,1471.44885253906
"152",-17.7329998016357,-117.37502505,50.45827715,1278.82885742188
"153",-17.0655994415283,-117.29169175,50.45827715,1976.21057128906
"154",-16.7880992889404,-117.20835845,50.45827715,895.721496582031
"155",-17.9004001617432,-117.12502515,50.45827715,2062.83447265625
"156",-17.6123008728027,-117.04169185,50.45827715,1483.62658691406
"157",-16.281400680542,-116.95835855,50.45827715,1161.08068847656
"158",-17.8052997589111,-116.87502525,50.45827715,1802.75695800781
"159",-19.3787002563477,-116.79169195,50.45827715,2630.48266601562
"160",-19.976900100708,-116.70835865,50.45827715,2694.57690429688
"161",-19.5328006744385,-116.62502535,50.45827715,1908.87634277344
"162",-19.44580078125,-116.54169205,50.45827715,2277.74389648438
"163",-20.2420997619629,-116.45835875,50.45827715,3141.32763671875
"164",-20.1737995147705,-116.37502545,50.45827715,2642.24291992188
"165",-18.9444007873535,-116.29169215,50.45827715,2182.28540039062
"166",-18.5279006958008,-116.20835885,50.45827715,1594.57983398438
"167",-18.020299911499,-116.12502555,50.45827715,1772.73681640625
"168",-16.9589004516602,-116.04169225,50.45827715,971.118774414062
"169",-14.7849998474121,-117.95835815,50.37494385,650.808776855469
"170",-15.7016000747681,-117.87502485,50.37494385,778.181579589844
"171",-17.0100994110107,-117.79169155,50.37494385,1783.16394042969
"172",-17.4421997070312,-117.70835825,50.37494385,1691.615234375
"173",-17.5060997009277,-117.62502495,50.37494385,1492.76989746094
"174",-17.5722999572754,-117.54169165,50.37494385,2252.12915039062
"175",-17.4521007537842,-117.45835835,50.37494385,1606.85522460938
"176",-18.3038997650146,-117.37502505,50.37494385,2327.35620117188
"177",-18.1462001800537,-117.29169175,50.37494385,2471.35302734375
"178",-17.4365997314453,-117.20835845,50.37494385,1311.35705566406
"179",-16.6488990783691,-117.12502515,50.37494385,1405.52478027344
"180",-16.5548000335693,-117.04169185,50.37494385,835.938415527344
"181",-15.7684001922607,-116.95835855,50.37494385,580
"182",-18.1786003112793,-116.87502525,50.37494385,1744.96179199219
"183",-18.8488006591797,-116.79169195,50.37494385,2132.56567382812
"184",-18.3684997558594,-116.70835865,50.37494385,1601.62109375
"185",-19.1336994171143,-116.62502535,50.37494385,2275.36962890625
"186",-19.4358997344971,-116.54169205,50.37494385,2146.42553710938
"187",-19.0660991668701,-116.45835875,50.37494385,1657.89721679688
"188",-18.6072006225586,-116.37502545,50.37494385,2027.6767578125
"189",-18.9141006469727,-116.29169215,50.37494385,1964.38818359375
"190",-19.6716995239258,-116.20835885,50.37494385,2212.16235351562
"191",-19.1509990692139,-116.12502555,50.37494385,1916.90563964844
"192",-18.0960006713867,-116.04169225,50.37494385,1693.5087890625
"193",-15.3993997573853,-117.95835815,50.29161055,1236.3974609375
"194",-14.7735004425049,-117.87502485,50.29161055,441
"195",-16.2234992980957,-117.79169155,50.29161055,1429.74987792969
"196",-16.5993995666504,-117.70835825,50.29161055,790.150085449219
"197",-16.8295001983643,-117.62502495,50.29161055,1265.11364746094
"198",-17.3010997772217,-117.54169165,50.29161055,1960.59448242188
"199",-17.4423999786377,-117.45835835,50.29161055,2255.44287109375
"200",-18.006799697876,-117.37502505,50.29161055,1975.88830566406
"201",-18.2343006134033,-117.29169175,50.29161055,2121
"202",-18.400899887085,-117.20835845,50.29161055,1888.07678222656
"203",-18.4333000183105,-117.12502515,50.29161055,1903.98864746094
"204",-16.2493000030518,-117.04169185,50.29161055,1242.880859375
"205",-15.5654001235962,-116.95835855,50.29161055,670.39599609375
"206",-17.4601993560791,-116.87502525,50.29161055,1446.28149414062
"207",-18.7341995239258,-116.79169195,50.29161055,2787.18725585938
"208",-19.1907005310059,-116.70835865,50.29161055,2833.8271484375
"209",-18.8798007965088,-116.62502535,50.29161055,1737.51647949219
"210",-19.0767993927002,-116.54169205,50.29161055,2221.74072265625
"211",-18.7250003814697,-116.45835875,50.29161055,1869.66284179688
"212",-19.4881000518799,-116.37502545,50.29161055,2834.96630859375
"213",-19.3236999511719,-116.29169215,50.29161055,2298.94604492188
"214",-19.1760997772217,-116.20835885,50.29161055,2494.82153320312
"215",-19.0153007507324,-116.12502555,50.29161055,2379.66528320312
"216",-18.1723003387451,-116.04169225,50.29161055,1725.89807128906
"217",-15.2341995239258,-117.95835815,50.20827725,637.708190917969
"218",-15.5233001708984,-117.87502485,50.20827725,1338.77380371094
"219",-14.754599571228,-117.79169155,50.20827725,441
"220",-15.9085998535156,-117.70835825,50.20827725,592.662963867188
"221",-16.9790000915527,-117.62502495,50.20827725,1955.619140625
"222",-16.8061008453369,-117.54169165,50.20827725,1308.38684082031
"223",-16.9708995819092,-117.45835835,50.20827725,2021.31127929688
"224",-17.4162998199463,-117.37502505,50.20827725,2230.71240234375
"225",-17.8255004882812,-117.29169175,50.20827725,2263.20190429688
"226",-18.2313003540039,-117.20835845,50.20827725,1966.01379394531
"227",-17.6562004089355,-117.12502515,50.20827725,1062.7265625
"228",-16.9321002960205,-117.04169185,50.20827725,1672.23205566406
"229",-15.6344995498657,-116.95835855,50.20827725,541.193176269531
"230",-17.3078994750977,-116.87502525,50.20827725,1221.150390625
"231",-18.0170993804932,-116.79169195,50.20827725,2026.94372558594
"232",-18.8859004974365,-116.70835865,50.20827725,2424.08862304688
"233",-19.1417007446289,-116.62502535,50.20827725,2069.95849609375
"234",-19.4638004302979,-116.54169205,50.20827725,2681.54809570312
"235",-19.0918998718262,-116.45835875,50.20827725,2434.0361328125
"236",-18.8631000518799,-116.37502545,50.20827725,1606.22314453125
"237",-19.4179992675781,-116.29169215,50.20827725,2581.67993164062
"238",-19.1714992523193,-116.20835885,50.20827725,2335.88647460938
"239",-19.0543994903564,-116.12502555,50.20827725,2314.36010742188
"240",-17.8118000030518,-116.04169225,50.20827725,1328.8525390625
"241",-14.9440002441406,-117.95835815,50.12494395,537.177612304688
"242",-15.4839000701904,-117.87502485,50.12494395,770.969909667969
"243",-15.394100189209,-117.79169155,50.12494395,867.415222167969
"244",-16.2436008453369,-117.70835825,50.12494395,1196.37072753906
"245",-16.5970993041992,-117.62502495,50.12494395,1944.84533691406
"246",-16.2765007019043,-117.54169165,50.12494395,691.665649414062
"247",-16.6406002044678,-117.45835835,50.12494395,1415.71435546875
"248",-16.1625995635986,-117.37502505,50.12494395,722.808776855469
"249",-17.8441009521484,-117.29169175,50.12494395,2017.04736328125
"250",-18.1763000488281,-117.20835845,50.12494395,2034.12976074219
"251",-17.5013008117676,-117.12502515,50.12494395,1667.98034667969
"252",-17.4486999511719,-117.04169185,50.12494395,1784.91198730469
"253",-15.6627998352051,-116.95835855,50.12494395,1059.44519042969
"254",-17.4157009124756,-116.87502525,50.12494395,1626.62683105469
"255",-18.3612003326416,-116.79169195,50.12494395,1990.25109863281
"256",-18.0496997833252,-116.70835865,50.12494395,993.748962402344
"257",-18.3218994140625,-116.62502535,50.12494395,1567.51000976562
"258",-18.5620994567871,-116.54169205,50.12494395,1859.95910644531
"259",-19.0993003845215,-116.45835875,50.12494395,2250.15991210938
"260",-18.9736995697021,-116.37502545,50.12494395,2417.68603515625
"261",-18.5133991241455,-116.29169215,50.12494395,1793.79162597656
"262",-18.891300201416,-116.20835885,50.12494395,2282.5107421875
"263",-18.2120990753174,-116.12502555,50.12494395,2124.84741210938
"264",-17.3092002868652,-116.04169225,50.12494395,1115.01733398438
"265",-15.6084003448486,-117.95835815,50.04161065,1517.00402832031
"266",-16.1629009246826,-117.87502485,50.04161065,1455.54565429688
"267",-16.3391990661621,-117.79169155,50.04161065,1279.35412597656
"268",-17.0041999816895,-117.70835825,50.04161065,1345.08068847656
"269",-17.4244003295898,-117.62502495,50.04161065,1758.55834960938
"270",-17.1893005371094,-117.54169165,50.04161065,2110.88427734375
"271",-15.4270000457764,-117.45835835,50.04161065,641.451049804688
"272",-16.1324996948242,-117.37502505,50.04161065,1030.64294433594
"273",-16.8486995697021,-117.29169175,50.04161065,1507.67919921875
"274",-17.2446002960205,-117.20835845,50.04161065,1271.96228027344
"275",-17.2782001495361,-117.12502515,50.04161065,1260.63037109375
"276",-17.8313007354736,-117.04169185,50.04161065,2229.75366210938
"277",-16.7964992523193,-116.95835855,50.04161065,1507.49401855469
"278",-15.7192001342773,-116.87502525,50.04161065,533
"279",-17.8309993743896,-116.79169195,50.04161065,1843.25354003906
"280",-17.894100189209,-116.70835865,50.04161065,1316.56323242188
"281",-18.2317008972168,-116.62502535,50.04161065,1874.64245605469
"282",-18.6900997161865,-116.54169205,50.04161065,1777.73999023438
"283",-19.1942005157471,-116.45835875,50.04161065,2717.05493164062
"284",-18.3736000061035,-116.37502545,50.04161065,1728
"285",-19.0393009185791,-116.29169215,50.04161065,2122.900390625
"286",-19.5168991088867,-116.20835885,50.04161065,2496.8515625
"287",-19.0261001586914,-116.12502555,50.04161065,2263.38500976562
"288",-18.5233001708984,-116.04169225,50.04161065,2125.76245117188
"289",-18.7087993621826,-115.95835895,50.95827695,1228.42419433594
"290",-19.335599899292,-115.87502565,50.95827695,1369.68237304688
"291",-19.8227005004883,-115.79169235,50.95827695,2318.2578125
"292",-20.3442001342773,-115.70835905,50.95827695,2272.39697265625
"293",-20.5205001831055,-115.62502575,50.95827695,2315.71923828125
"294",-20.5575008392334,-115.54169245,50.95827695,2443.30737304688
"295",-19.843900680542,-115.45835915,50.95827695,2542.8271484375
"296",-20.0515003204346,-115.37502585,50.95827695,2189.40966796875
"297",-20.2670001983643,-115.29169255,50.95827695,2161.0830078125
"298",-20.035400390625,-115.20835925,50.95827695,2300.00634765625
"299",-19.3381004333496,-115.12502595,50.95827695,1419
"300",-19.6359996795654,-115.04169265,50.95827695,1845.14404296875
"301",-19.6919994354248,-114.95835935,50.95827695,1760.03637695312
"302",-19.6788005828857,-114.87502605,50.95827695,2018.35363769531
"303",-19.2355003356934,-114.79169275,50.95827695,1705.58801269531
"304",-18.777099609375,-114.70835945,50.95827695,1580.52075195312
"305",-18.6040992736816,-114.62502615,50.95827695,1369.89916992188
"306",-18.4477005004883,-114.54169285,50.95827695,1314
"307",-18.4293994903564,-114.45835955,50.95827695,1333.86279296875
"308",-18.2567005157471,-114.37502625,50.95827695,1212.67761230469
"309",-18.1632995605469,-114.29169295,50.95827695,1164
"310",-18.1221008300781,-114.20835965,50.95827695,1189
"311",-18.0037994384766,-114.12502635,50.95827695,1117.28674316406
"312",-17.882999420166,-114.04169305,50.95827695,1046
"313",-19.6123008728027,-115.95835895,50.87494365,1837.70886230469
"314",-19.7308006286621,-115.87502565,50.87494365,2295.150390625
"315",-20.1291999816895,-115.79169235,50.87494365,2181.2705078125
"316",-20.2143993377686,-115.70835905,50.87494365,2370.08911132812
"317",-20.5583992004395,-115.62502575,50.87494365,2499.50805664062
"318",-20.1222991943359,-115.54169245,50.87494365,2023.25378417969
"319",-19.9531993865967,-115.45835915,50.87494365,1975.12976074219
"320",-19.485200881958,-115.37502585,50.87494365,1702
"321",-20.6371994018555,-115.29169255,50.87494365,2263.46142578125
"322",-19.9169998168945,-115.20835925,50.87494365,2365.39990234375
"323",-19.4675006866455,-115.12502595,50.87494365,1625.34313964844
"324",-20.4731998443604,-115.04169265,50.87494365,2495.15307617188
"325",-20.1005992889404,-114.95835935,50.87494365,2452.18017578125
"326",-19.5473003387451,-114.87502605,50.87494365,1828.99365234375
"327",-19.30419921875,-114.79169275,50.87494365,1686.248046875
"328",-18.8159008026123,-114.70835945,50.87494365,1424.03991699219
"329",-18.7670001983643,-114.62502615,50.87494365,1552.0751953125
"330",-18.5699005126953,-114.54169285,50.87494365,1325.03759765625
"331",-18.4081001281738,-114.45835955,50.87494365,1327.35009765625
"332",-18.2667007446289,-114.37502625,50.87494365,1218.01879882812
"333",-18.2059001922607,-114.29169295,50.87494365,1246.17919921875
"334",-18.103099822998,-114.20835965,50.87494365,1196.783203125
"335",-18.0146007537842,-114.12502635,50.87494365,1129.0751953125
"336",-17.8458003997803,-114.04169305,50.87494365,1050
"337",-18.0771007537842,-115.95835895,50.79161035,1140.60400390625
"338",-19.7164001464844,-115.87502565,50.79161035,2283.33984375
"339",-19.9001007080078,-115.79169235,50.79161035,1711.28125
"340",-19.2929000854492,-115.70835905,50.79161035,1627.55603027344
"341",-20.0944995880127,-115.62502575,50.79161035,2156.79931640625
"342",-20.3173007965088,-115.54169245,50.79161035,2366.14233398438
"343",-19.9559001922607,-115.45835915,50.79161035,2348.16870117188
"344",-20.2015991210938,-115.37502585,50.79161035,2425.44287109375
"345",-20.343599319458,-115.29169255,50.79161035,1966.24731445312
"346",-20.159200668335,-115.20835925,50.79161035,2631.83935546875
"347",-20.2182006835938,-115.12502595,50.79161035,2170.36181640625
"348",-20.5366992950439,-115.04169265,50.79161035,2260.06811523438
"349",-20.1175003051758,-114.95835935,50.79161035,2118.88647460938
"350",-19.5104999542236,-114.87502605,50.79161035,1674.12243652344
"351",-19.4596996307373,-114.79169275,50.79161035,1925.05358886719
"352",-19.1539001464844,-114.70835945,50.79161035,1638.45922851562
"353",-18.9242000579834,-114.62502615,50.79161035,1628.26245117188
"354",-18.6079006195068,-114.54169285,50.79161035,1423.90893554688
"355",-18.4552001953125,-114.45835955,50.79161035,1347.85998535156
"356",-18.2866992950439,-114.37502625,50.79161035,1298.18798828125
"357",-18.173900604248,-114.29169295,50.79161035,1172
"358",-18.2292003631592,-114.20835965,50.79161035,1298.17041015625
"359",-18.0932006835938,-114.12502635,50.79161035,1157.57678222656
"360",-17.9997997283936,-114.04169305,50.79161035,1160.60400390625
"361",-18.8626003265381,-115.95835895,50.70827705,2357.93041992188
"362",-18.507999420166,-115.87502565,50.70827705,1143.99011230469
"363",-19.2887992858887,-115.79169235,50.70827705,1510.64404296875
"364",-18.9374008178711,-115.70835905,50.70827705,1353.63110351562
"365",-19.5594997406006,-115.62502575,50.70827705,1441.88024902344
"366",-19.767599105835,-115.54169245,50.70827705,2526.34619140625
"367",-20.0825004577637,-115.45835915,50.70827705,1955.52453613281
"368",-20.448299407959,-115.37502585,50.70827705,2211.23095703125
"369",-20.5627994537354,-115.29169255,50.70827705,2615.44873046875
"370",-20.0203990936279,-115.20835925,50.70827705,1758.35363769531
"371",-19.5632991790771,-115.12502595,50.70827705,1646.66613769531
"372",-20.460599899292,-115.04169265,50.70827705,2138.22485351562
"373",-20.5342998504639,-114.95835935,50.70827705,2681.89282226562
"374",-19.9738998413086,-114.87502605,50.70827705,1866.89599609375
"375",-19.8994007110596,-114.79169275,50.70827705,1961.70483398438
"376",-19.3985996246338,-114.70835945,50.70827705,2071.982421875
"377",-18.9232006072998,-114.62502615,50.70827705,1510.25109863281
"378",-18.5631008148193,-114.54169285,50.70827705,1402.22802734375
"379",-18.4013004302979,-114.45835955,50.70827705,1360.98315429688
"380",-18.3141002655029,-114.37502625,50.70827705,1367.0087890625
"381",-18.1678009033203,-114.29169295,50.70827705,1234
"382",-18.0333003997803,-114.20835965,50.70827705,1147
"383",-18.0098991394043,-114.12502635,50.70827705,1128.43518066406
"384",-17.9381008148193,-114.04169305,50.70827705,1109.68957519531
"385",-19.0779991149902,-115.95835895,50.62494375,1850.6689453125
"386",-18.6996002197266,-115.87502565,50.62494375,2018.90197753906
"387",-18.2112007141113,-115.79169235,50.62494375,1139.93103027344
"388",-19.4228000640869,-115.70835905,50.62494375,1854.33435058594
"389",-19.9279003143311,-115.62502575,50.62494375,2232.6181640625
"390",-19.0443000793457,-115.54169245,50.62494375,1244.59191894531
"391",-20.1877994537354,-115.45835915,50.62494375,1996.2080078125
"392",-19.6637001037598,-115.37502585,50.62494375,1587.67248535156
"393",-20.4164009094238,-115.29169255,50.62494375,2511.54223632812
"394",-20.0506992340088,-115.20835925,50.62494375,2290.70483398438
"395",-19.2752990722656,-115.12502595,50.62494375,1674
"396",-20.2478008270264,-115.04169265,50.62494375,2096.3994140625
"397",-20.4610004425049,-114.95835935,50.62494375,2822.99365234375
"398",-20.3302001953125,-114.87502605,50.62494375,2004.36804199219
"399",-19.7959995269775,-114.79169275,50.62494375,2090.310546875
"400",-19.1728992462158,-114.70835945,50.62494375,1760.47924804688
"401",-18.9209995269775,-114.62502615,50.62494375,1829.80554199219
"402",-18.7306995391846,-114.54169285,50.62494375,1461.90478515625
"403",-18.5655994415283,-114.45835955,50.62494375,1324.43200683594
"404",-18.3794994354248,-114.37502625,50.62494375,1432.44274902344
"405",-18.2390003204346,-114.29169295,50.62494375,1370.61022949219
"406",-18.153299331665,-114.20835965,50.62494375,1268.11437988281
"407",-18.0750999450684,-114.12502635,50.62494375,1265.93395996094
"408",-17.9358005523682,-114.04169305,50.62494375,1146.89306640625
"409",-18.3003005981445,-115.95835895,50.54161045,1208.31713867188
"410",-19.3666000366211,-115.87502565,50.54161045,2067.39965820312
"411",-18.3125,-115.79169235,50.54161045,1711.73681640625
"412",-18.229700088501,-115.70835905,50.54161045,1171.640625
"413",-18.659200668335,-115.62502575,50.54161045,1370.44299316406
"414",-18.6534996032715,-115.54169245,50.54161045,1463.62768554688
"415",-19.0902996063232,-115.45835915,50.54161045,1671.02673339844
"416",-19.4181995391846,-115.37502585,50.54161045,2276.95190429688
"417",-19.5531997680664,-115.29169255,50.54161045,2015.40283203125
"418",-20.9687004089355,-115.20835925,50.54161045,2998.35278320312
"419",-20.1051006317139,-115.12502595,50.54161045,1863.69677734375
"420",-19.7961006164551,-115.04169265,50.54161045,1761.97937011719
"421",-20.3579998016357,-114.95835935,50.54161045,2018.92553710938
"422",-19.9897994995117,-114.87502605,50.54161045,2297.44262695312
"423",-20.2653007507324,-114.79169275,50.54161045,2572.50854492188
"424",-19.9761009216309,-114.70835945,50.54161045,2216.65698242188
"425",-19.388500213623,-114.62502615,50.54161045,1783.41845703125
"426",-18.8999004364014,-114.54169285,50.54161045,1578.65441894531
"427",-18.6187000274658,-114.45835955,50.54161045,1494.45495605469
"428",-18.3409996032715,-114.37502625,50.54161045,1317.02722167969
"429",-18.2145004272461,-114.29169295,50.54161045,1287.06689453125
"430",-18.1723003387451,-114.20835965,50.54161045,1329.09362792969
"431",-18.0265007019043,-114.12502635,50.54161045,1213.20007324219
"432",-17.8658008575439,-114.04169305,50.54161045,1101.59204101562
"433",-17.1263999938965,-115.95835895,50.45827715,878.167175292969
"434",-18.3973999023438,-115.87502565,50.45827715,1580.314453125
"435",-19.4736003875732,-115.79169235,50.45827715,1902.92211914062
"436",-17.8166999816895,-115.70835905,50.45827715,1380.04956054688
"437",-17.7555999755859,-115.62502575,50.45827715,1040.75671386719
"438",-19.1476001739502,-115.54169245,50.45827715,1329.34753417969
"439",-19.5622005462646,-115.45835915,50.45827715,2010.97900390625
"440",-19.6944007873535,-115.37502585,50.45827715,1748.67358398438
"441",-20.1641998291016,-115.29169255,50.45827715,2523.85302734375
"442",-19.9284992218018,-115.20835925,50.45827715,2005.59350585938
"443",-20.3229999542236,-115.12502595,50.45827715,2118.42651367188
"444",-19.7586002349854,-115.04169265,50.45827715,1778
"445",-19.5827007293701,-114.95835935,50.45827715,1689.72229003906
"446",-19.9225997924805,-114.87502605,50.45827715,2064.751953125
"447",-19.4354991912842,-114.79169275,50.45827715,1753.24584960938
"448",-20.0259990692139,-114.70835945,50.45827715,2192.10791015625
"449",-19.5347995758057,-114.62502615,50.45827715,2062.40356445312
"450",-18.9162998199463,-114.54169285,50.45827715,1766.62902832031
"451",-18.4752006530762,-114.45835955,50.45827715,1478.19445800781
"452",-18.3838005065918,-114.37502625,50.45827715,1350.33276367188
"453",-18.2625999450684,-114.29169295,50.45827715,1441.8583984375
"454",-18.0335998535156,-114.20835965,50.45827715,1241.96374511719
"455",-17.9692993164062,-114.12502635,50.45827715,1230.35241699219
"456",-17.8621997833252,-114.04169305,50.45827715,1155.94604492188
"457",-17.0387001037598,-115.95835895,50.37494385,1012.70318603516
"458",-17.2460994720459,-115.87502565,50.37494385,854
"459",-19.3187999725342,-115.79169235,50.37494385,1907.28955078125
"460",-18.9314994812012,-115.70835905,50.37494385,2131.55737304688
"461",-17.3658008575439,-115.62502575,50.37494385,965.487487792969
"462",-18.911600112915,-115.54169245,50.37494385,1383.02990722656
"463",-19.7360992431641,-115.45835915,50.37494385,2139.95825195312
"464",-19.3043994903564,-115.37502585,50.37494385,2283.43310546875
"465",-19.8069000244141,-115.29169255,50.37494385,2048.810546875
"466",-19.2369995117188,-115.20835925,50.37494385,1600.98754882812
"467",-20.3010997772217,-115.12502595,50.37494385,2825.99584960938
"468",-20.3309993743896,-115.04169265,50.37494385,2543.79370117188
"469",-19.2805995941162,-114.95835935,50.37494385,2153.49389648438
"470",-19.7413997650146,-114.87502605,50.37494385,1964.65844726562
"471",-19.7691993713379,-114.79169275,50.37494385,1902.23083496094
"472",-19.1445999145508,-114.70835945,50.37494385,1697.10717773438
"473",-19.1151008605957,-114.62502615,50.37494385,1652.30395507812
"474",-19.0221004486084,-114.54169285,50.37494385,1894.87854003906
"475",-18.6103000640869,-114.45835955,50.37494385,1492.85998535156
"476",-18.3871002197266,-114.37502625,50.37494385,1382.21325683594
"477",-18.2005996704102,-114.29169295,50.37494385,1336.35986328125
"478",-18.1212005615234,-114.20835965,50.37494385,1268
"479",-18.1109008789062,-114.12502635,50.37494385,1270.84643554688
"480",-17.8833999633789,-114.04169305,50.37494385,1184.24365234375
"481",-17.6483001708984,-115.95835895,50.29161055,1642.95373535156
"482",-16.8729991912842,-115.87502565,50.29161055,828.412780761719
"483",-18.8859004974365,-115.79169235,50.29161055,1746.25219726562
"484",-17.6798000335693,-115.70835905,50.29161055,1250.14477539062
"485",-18.4388999938965,-115.62502575,50.29161055,1867.54956054688
"486",-17.8258991241455,-115.54169245,50.29161055,1181.52563476562
"487",-18.9892997741699,-115.45835915,50.29161055,1875.568359375
"488",-19.2651996612549,-115.37502585,50.29161055,1474.81274414062
"489",-19.1450004577637,-115.29169255,50.29161055,1560.14477539062
"490",-19.0464992523193,-115.20835925,50.29161055,1420.23046875
"491",-19.9137992858887,-115.12502595,50.29161055,2534
"492",-19.7119998931885,-115.04169265,50.29161055,2486.00927734375
"493",-18.9832000732422,-114.95835935,50.29161055,1979.3125
"494",-19.568000793457,-114.87502605,50.29161055,2474.13989257812
"495",-20.42919921875,-114.79169275,50.29161055,2479.78637695312
"496",-19.4568996429443,-114.70835945,50.29161055,1847.45166015625
"497",-19.2688999176025,-114.62502615,50.29161055,1921.41333007812
"498",-19.4929008483887,-114.54169285,50.29161055,1898.81604003906
"499",-18.934700012207,-114.45835955,50.29161055,1623.61267089844
"500",-18.5839004516602,-114.37502625,50.29161055,1522.59924316406
"501",-18.2812004089355,-114.29169295,50.29161055,1383.28771972656
"502",-18.2544002532959,-114.20835965,50.29161055,1335
"503",-18.1814994812012,-114.12502635,50.29161055,1392.84643554688
"504",-18.077600479126,-114.04169305,50.29161055,1240.54956054688
"505",-18.4974994659424,-115.95835895,50.20827725,2225.44873046875
"506",-16.7346000671387,-115.87502565,50.20827725,933.781616210938
"507",-18.0221004486084,-115.79169235,50.20827725,1504.56640625
"508",-17.4953994750977,-115.70835905,50.20827725,925.003173828125
"509",-18.8038005828857,-115.62502575,50.20827725,1536.42883300781
"510",-19.0704002380371,-115.54169245,50.20827725,2185.18823242188
"511",-18.0300998687744,-115.45835915,50.20827725,1081.83410644531
"512",-19.6718997955322,-115.37502585,50.20827725,2059.68603515625
"513",-18.4118995666504,-115.29169255,50.20827725,1479.50317382812
"514",-19.0520992279053,-115.20835925,50.20827725,1933.77526855469
"515",-19.8036003112793,-115.12502595,50.20827725,1977.72045898438
"516",-19.4326992034912,-115.04169265,50.20827725,1542.88879394531
"517",-18.8027000427246,-114.95835935,50.20827725,1480.95922851562
"518",-19.2987003326416,-114.87502605,50.20827725,1746.81921386719
"519",-19.9158992767334,-114.79169275,50.20827725,2237.93359375
"520",-19.648099899292,-114.70835945,50.20827725,1973.33996582031
"521",-19.6242008209229,-114.62502615,50.20827725,2075.48876953125
"522",-19.9976997375488,-114.54169285,50.20827725,2131.6328125
"523",-19.4834003448486,-114.45835955,50.20827725,2332.3984375
"524",-18.7355003356934,-114.37502625,50.20827725,1712.68078613281
"525",-18.4549999237061,-114.29169295,50.20827725,1382.96081542969
"526",-18.2553997039795,-114.20835965,50.20827725,1341.50439453125
"527",-18.2392997741699,-114.12502635,50.20827725,1286.27124023438
"528",-18.2889003753662,-114.04169305,50.20827725,1286.09045410156
"529",-17.6942005157471,-115.95835895,50.12494395,1315.76721191406
"530",-17.2427005767822,-115.87502565,50.12494395,1120.57043457031
"531",-16.6832008361816,-115.79169235,50.12494395,833
"532",-17.4986000061035,-115.70835905,50.12494395,1508.63854980469
"533",-17.9489002227783,-115.62502575,50.12494395,1134.16748046875
"534",-18.4381008148193,-115.54169245,50.12494395,1206.3408203125
"535",-18.3803997039795,-115.45835915,50.12494395,2153.83911132812
"536",-18.8421993255615,-115.37502585,50.12494395,1815.08093261719
"537",-18.7693996429443,-115.29169255,50.12494395,1739.97595214844
"538",-19.6382007598877,-115.20835925,50.12494395,2314.46020507812
"539",-19.2663993835449,-115.12502595,50.12494395,1995.53601074219
"540",-19.8031005859375,-115.04169265,50.12494395,2360.98388671875
"541",-18.5529003143311,-114.95835935,50.12494395,1435.29516601562
"542",-19.0974998474121,-114.87502605,50.12494395,2008.80676269531
"543",-19.565299987793,-114.79169275,50.12494395,1679.72485351562
"544",-19.8465003967285,-114.70835945,50.12494395,2106.61206054688
"545",-19.6599998474121,-114.62502615,50.12494395,1898.95764160156
"546",-19.9605007171631,-114.54169285,50.12494395,2276.18627929688
"547",-19.4123992919922,-114.45835955,50.12494395,1980.92797851562
"548",-19.3010997772217,-114.37502625,50.12494395,1886.5
"549",-18.4860992431641,-114.29169295,50.12494395,1447
"550",-18.2404003143311,-114.20835965,50.12494395,1358.3564453125
"551",-18.2816009521484,-114.12502635,50.12494395,1280.53601074219
"552",-18.1438007354736,-114.04169305,50.12494395,1390.93359375
"553",-18.3038005828857,-115.95835895,50.04161065,1604.33935546875
"554",-17.8836994171143,-115.87502565,50.04161065,1537.71655273438
"555",-16.5578002929688,-115.79169235,50.04161065,798
"556",-17.4922008514404,-115.70835905,50.04161065,1524.03845214844
"557",-18.013599395752,-115.62502575,50.04161065,1238.72314453125
"558",-18.3556003570557,-115.54169245,50.04161065,1648.49597167969
"559",-18.7630996704102,-115.45835915,50.04161065,1480.72387695312
"560",-19.2726993560791,-115.37502585,50.04161065,1942.66162109375
"561",-19.699499130249,-115.29169255,50.04161065,2617.775390625
"562",-19.9281997680664,-115.20835925,50.04161065,1895.87170410156
"563",-19.1791000366211,-115.12502595,50.04161065,1683.61291503906
"564",-19.6396999359131,-115.04169265,50.04161065,2541.6142578125
"565",-18.5130004882812,-114.95835935,50.04161065,1959.20983886719
"566",-18.6200008392334,-114.87502605,50.04161065,1496.87121582031
"567",-19.0573997497559,-114.79169275,50.04161065,1923.20483398438
"568",-20.0168991088867,-114.70835945,50.04161065,2382.00122070312
"569",-19.4626007080078,-114.62502615,50.04161065,1845.32397460938
"570",-19.5153007507324,-114.54169285,50.04161065,1942.947265625
"571",-19.1578006744385,-114.45835955,50.04161065,1898.21435546875
"572",-19.3101997375488,-114.37502625,50.04161065,1844.93957519531
"573",-18.8054008483887,-114.29169295,50.04161065,1805.12084960938
"574",-18.3395004272461,-114.20835965,50.04161065,1428.90014648438
"575",-18.6194000244141,-114.12502635,50.04161065,1648.48510742188
"576",-18.4512004852295,-114.04169305,50.04161065,1433.87683105469
"577",-17.6800994873047,-117.95835815,51.95827655,1237.3759765625
"578",-18.5811996459961,-117.87502485,51.95827655,804.649597167969
"579",-18.5326995849609,-117.79169155,51.95827655,841.753784179688
"580",-18.4925003051758,-117.70835825,51.95827655,1463.95922851562
"581",-19.7924003601074,-117.62502495,51.95827655,1638.50476074219
"582",-19.6336002349854,-117.54169165,51.95827655,2495.26440429688
"583",-19.8561992645264,-117.45835835,51.95827655,2298.76977539062
"584",-18.5305995941162,-117.37502505,51.95827655,891
"585",-20.1975994110107,-117.29169175,51.95827655,2140.25268554688
"586",-20.3568992614746,-117.20835845,51.95827655,2200.283203125
"587",-20.7698993682861,-117.12502515,51.95827655,3067.53588867188
"588",-20.9192008972168,-117.04169185,51.95827655,2582.62963867188
"589",-20.3453006744385,-116.95835855,51.95827655,1909.28723144531
"590",-19.9312992095947,-116.87502525,51.95827655,2230.48803710938
"591",-19.1462001800537,-116.79169195,51.95827655,1533.05285644531
"592",-19.317699432373,-116.70835865,51.95827655,1457.06323242188
"593",-20.0156993865967,-116.62502535,51.95827655,2186.82592773438
"594",-19.701000213623,-116.54169205,51.95827655,2343.37036132812
"595",-19.9862003326416,-116.45835875,51.95827655,2334.1826171875
"596",-19.580099105835,-116.37502545,51.95827655,1612.83874511719
"597",-20.8157997131348,-116.29169215,51.95827655,2478.8935546875
"598",-20.702299118042,-116.20835885,51.95827655,2500.30395507812
"599",-20.6121997833252,-116.12502555,51.95827655,1992.96765136719
"600",-20.488899230957,-116.04169225,51.95827655,2354.67602539062
"601",-17.9598007202148,-117.95835815,51.87494325,1951.53845214844
"602",-17.887300491333,-117.87502485,51.87494325,753
"603",-19.2768001556396,-117.79169155,51.87494325,1758.71594238281
"604",-19.6100997924805,-117.70835825,51.87494325,2017.35083007812
"605",-19.8253002166748,-117.62502495,51.87494325,2133.38989257812
"606",-19.3619003295898,-117.54169165,51.87494325,1899.71301269531
"607",-18.8568992614746,-117.45835835,51.87494325,1026.75134277344
"608",-19.2768001556396,-117.37502505,51.87494325,2366.58715820312
"609",-18.6406993865967,-117.29169175,51.87494325,1018.2255859375
"610",-19.7178993225098,-117.20835845,51.87494325,1999.15478515625
"611",-20.1488990783691,-117.12502515,51.87494325,1790.01159667969
"612",-20.5174007415771,-117.04169185,51.87494325,2568.4375
"613",-20.434700012207,-116.95835855,51.87494325,2568.03442382812
"614",-20.0914001464844,-116.87502525,51.87494325,2848.17626953125
"615",-19.7268009185791,-116.79169195,51.87494325,1586.0126953125
"616",-19.9326000213623,-116.70835865,51.87494325,1814.314453125
"617",-20.6637001037598,-116.62502535,51.87494325,2238.41357421875
"618",-20.9440002441406,-116.54169205,51.87494325,2627.95092773438
"619",-20.7903003692627,-116.45835875,51.87494325,2226.6728515625
"620",-20.4127006530762,-116.37502545,51.87494325,2189.75561523438
"621",-20.75,-116.29169215,51.87494325,2419.017578125
"622",-21.3402996063232,-116.20835885,51.87494325,2710.73681640625
"623",-20.9043998718262,-116.12502555,51.87494325,2514.02221679688
"624",-20.668399810791,-116.04169225,51.87494325,2020.7529296875
"625",-20.06369972229,-117.95835815,51.79160995,2780.37841796875
"626",-18.843900680542,-117.87502485,51.79160995,2262.84936523438
"627",-17.7327995300293,-117.79169155,51.79160995,1522.43273925781
"628",-17.6117992401123,-117.70835825,51.79160995,774.367370605469
"629",-18.380500793457,-117.62502495,51.79160995,1563.81103515625
"630",-18.632999420166,-117.54169165,51.79160995,1696.77685546875
"631",-17.6515007019043,-117.45835835,51.79160995,1055.33898925781
"632",-17.7031002044678,-117.37502505,51.79160995,753
"633",-18.4762992858887,-117.29169175,51.79160995,1734.07836914062
"634",-19.2087001800537,-117.20835845,51.79160995,1338.69580078125
"635",-19.0226993560791,-117.12502515,51.79160995,1010.28985595703
"636",-20.1229991912842,-117.04169185,51.79160995,2553.70458984375
"637",-20.6219997406006,-116.95835855,51.79160995,2711.78564453125
"638",-20.11549949646,-116.87502525,51.79160995,1710.63391113281
"639",-19.6718997955322,-116.79169195,51.79160995,2281.34716796875
"640",-20.3785991668701,-116.70835865,51.79160995,1999.0517578125
"641",-20.0265998840332,-116.62502535,51.79160995,2123.86010742188
"642",-20.6573009490967,-116.54169205,51.79160995,2509.09033203125
"643",-20.6294002532959,-116.45835875,51.79160995,2529.63134765625
"644",-20.6989994049072,-116.37502545,51.79160995,1966.81201171875
"645",-21.4452991485596,-116.29169215,51.79160995,2611.16162109375
"646",-21.1492004394531,-116.20835885,51.79160995,2900.83642578125
"647",-20.5317993164062,-116.12502555,51.79160995,1887.42321777344
"648",-20.5634002685547,-116.04169225,51.79160995,2038.52404785156
"649",-19.5580997467041,-117.95835815,51.70827665,1783.35119628906
"650",-19.9193000793457,-117.87502485,51.70827665,2270.00830078125
"651",-19.2056007385254,-117.79169155,51.70827665,2063.1943359375
"652",-17.5958995819092,-117.70835825,51.70827665,754.735229492188
"653",-17.0792999267578,-117.62502495,51.70827665,753
"654",-17.0266990661621,-117.54169165,51.70827665,772.345336914062
"655",-18.766300201416,-117.45835835,51.70827665,2135.64208984375
"656",-19.2656002044678,-117.37502505,51.70827665,1681.58959960938
"657",-19.4948997497559,-117.29169175,51.70827665,2272.15356445312
"658",-19.5926990509033,-117.20835845,51.70827665,2105.0517578125
"659",-19.7754993438721,-117.12502515,51.70827665,2292.09619140625
"660",-19.9204998016357,-117.04169185,51.70827665,2015.35424804688
"661",-20.7971992492676,-116.95835855,51.70827665,2456.876953125
"662",-21.0737991333008,-116.87502525,51.70827665,2967.01440429688
"663",-20.8663005828857,-116.79169195,51.70827665,2660.06640625
"664",-19.3453006744385,-116.70835865,51.70827665,1478.65563964844
"665",-20.9647006988525,-116.62502535,51.70827665,2344.25122070312
"666",-20.4668006896973,-116.54169205,51.70827665,2441.36010742188
"667",-20.7504997253418,-116.45835875,51.70827665,2374.43676757812
"668",-20.9612007141113,-116.37502545,51.70827665,2481.72802734375
"669",-21.0550003051758,-116.29169215,51.70827665,2319.75439453125
"670",-20.8481006622314,-116.20835885,51.70827665,2315.86328125
"671",-21.0296993255615,-116.12502555,51.70827665,2715.82885742188
"672",-21.2304000854492,-116.04169225,51.70827665,2779.86010742188
"673",-19.4615001678467,-117.95835815,51.62494335,2194.24731445312
"674",-19.6527996063232,-117.87502485,51.62494335,1738.56005859375
"675",-19.1881999969482,-117.79169155,51.62494335,1168.30102539062
"676",-18.330099105835,-117.70835825,51.62494335,1313.93774414062
"677",-19.3638000488281,-117.62502495,51.62494335,2367.7119140625
"678",-17.4636001586914,-117.54169165,51.62494335,1403.30541992188
"679",-17.5272998809814,-117.45835835,51.62494335,1161.61108398438
"680",-18.0792999267578,-117.37502505,51.62494335,1075.88562011719
"681",-18.4552001953125,-117.29169175,51.62494335,1577.49072265625
"682",-19.298900604248,-117.20835845,51.62494335,2342.57763671875
"683",-19.6037998199463,-117.12502515,51.62494335,2387.7119140625
"684",-19.4174003601074,-117.04169185,51.62494335,2219.59838867188
"685",-19.0104999542236,-116.95835855,51.62494335,1349.00964355469
"686",-19.9179000854492,-116.87502525,51.62494335,2485.287109375
"687",-19.357400894165,-116.79169195,51.62494335,2479.16186523438
"688",-19.4647006988525,-116.70835865,51.62494335,1999.06323242188
"689",-20.8416996002197,-116.62502535,51.62494335,2022.88244628906
"690",-21.2369003295898,-116.54169205,51.62494335,2567.97509765625
"691",-20.7471008300781,-116.45835875,51.62494335,2677.86962890625
"692",-20.2133007049561,-116.37502545,51.62494335,2767.58471679688
"693",-20.7063999176025,-116.29169215,51.62494335,2481.97485351562
"694",-20.7810001373291,-116.20835885,51.62494335,2769.33203125
"695",-20.7779006958008,-116.12502555,51.62494335,1994.50805664062
"696",-21.2607002258301,-116.04169225,51.62494335,2644.77001953125
"697",-19.4356994628906,-117.95835815,51.54161005,1974.6884765625
"698",-19.574499130249,-117.87502485,51.54161005,2354.18969726562
"699",-18.794900894165,-117.79169155,51.54161005,1277.61120605469
"700",-19.9484004974365,-117.70835825,51.54161005,2606.96069335938
"701",-19.4669990539551,-117.62502495,51.54161005,2226.68823242188
"702",-18.5303001403809,-117.54169165,51.54161005,1922.64721679688
"703",-17.2991008758545,-117.45835835,51.54161005,1021.34747314453
"704",-17.6296997070312,-117.37502505,51.54161005,1223.35437011719
"705",-17.326099395752,-117.29169175,51.54161005,1091.20715332031
"706",-17.6277008056641,-117.20835845,51.54161005,1037.45520019531
"707",-18.1347999572754,-117.12502515,51.54161005,1171.24401855469
"708",-19.2271003723145,-117.04169185,51.54161005,2334.03759765625
"709",-19.1888999938965,-116.95835855,51.54161005,1646.69677734375
"710",-18.8194007873535,-116.87502525,51.54161005,993.872619628906
"711",-19.1032009124756,-116.79169195,51.54161005,1313.62365722656
"712",-19.9090995788574,-116.70835865,51.54161005,2252.1416015625
"713",-20.5911998748779,-116.62502535,51.54161005,2376.92333984375
"714",-20.148099899292,-116.54169205,51.54161005,2067.42578125
"715",-20.8771991729736,-116.45835875,51.54161005,2694.7216796875
"716",-20.4727001190186,-116.37502545,51.54161005,2354.31811523438
"717",-20.1513004302979,-116.29169215,51.54161005,1760
"718",-20.271900177002,-116.20835885,51.54161005,2199.14721679688
"719",-20.4071998596191,-116.12502555,51.54161005,2202.98803710938
"720",-20.7598991394043,-116.04169225,51.54161005,2106.06469726562
"721",-19.175199508667,-117.95835815,51.45827675,2112.26635742188
"722",-19.0153999328613,-117.87502485,51.45827675,2073.34301757812
"723",-19.6543998718262,-117.79169155,51.45827675,2107.74731445312
"724",-19.440299987793,-117.70835825,51.45827675,1851.15844726562
"725",-19.3097991943359,-117.62502495,51.45827675,2308.38940429688
"726",-17.9881992340088,-117.54169165,51.45827675,1735.69104003906
"727",-18.1060009002686,-117.45835835,51.45827675,1485.99682617188
"728",-18.1028003692627,-117.37502505,51.45827675,1653.52478027344
"729",-18.5454998016357,-117.29169175,51.45827675,1874.59265136719
"730",-17.5403003692627,-117.20835845,51.45827675,1085.92321777344
"731",-17.3183002471924,-117.12502515,51.45827675,764.167175292969
"732",-17.8934001922607,-117.04169185,51.45827675,1131.15686035156
"733",-18.2257995605469,-116.95835855,51.45827675,1230.88439941406
"734",-19.5254993438721,-116.87502525,51.45827675,2502.40966796875
"735",-19.9999008178711,-116.79169195,51.45827675,2371.15673828125
"736",-19.6616992950439,-116.70835865,51.45827675,2355.19799804688
"737",-19.7418994903564,-116.62502535,51.45827675,1887.09155273438
"738",-19.6924991607666,-116.54169205,51.45827675,1614.65942382812
"739",-19.7604007720947,-116.45835875,51.45827675,1559.67077636719
"740",-20.0086002349854,-116.37502545,51.45827675,2179.0048828125
"741",-19.5667991638184,-116.29169215,51.45827675,1767.21643066406
"742",-19.4286994934082,-116.20835885,51.45827675,1650.38403320312
"743",-20.6455001831055,-116.12502555,51.45827675,2390.69555664062
"744",-20.5377998352051,-116.04169225,51.45827675,2186.65795898438
"745",-19.173900604248,-117.95835815,51.37494345,2163.90502929688
"746",-18.6480007171631,-117.87502485,51.37494345,1357.42724609375
"747",-18.5729007720947,-117.79169155,51.37494345,1573.748046875
"748",-18.494499206543,-117.70835825,51.37494345,1330.88854980469
"749",-18.1534004211426,-117.62502495,51.37494345,1161.43737792969
"750",-19.1765003204346,-117.54169165,51.37494345,2154.12036132812
"751",-17.7518997192383,-117.45835835,51.37494345,1051.65673828125
"752",-19.0723991394043,-117.37502505,51.37494345,1944.64672851562
"753",-19.665599822998,-117.29169175,51.37494345,1965.63696289062
"754",-19.5695991516113,-117.20835845,51.37494345,1940.88635253906
"755",-17.9120998382568,-117.12502515,51.37494345,1276.00036621094
"756",-17.0104007720947,-117.04169185,51.37494345,778
"757",-18.4454002380371,-116.95835855,51.37494345,1892.4736328125
"758",-19.8768005371094,-116.87502525,51.37494345,2423.1845703125
"759",-19.7070999145508,-116.79169195,51.37494345,1726.97253417969
"760",-19.7723007202148,-116.70835865,51.37494345,2290.29833984375
"761",-19.0687007904053,-116.62502535,51.37494345,1593.45373535156
"762",-18.4927997589111,-116.54169205,51.37494345,1197
"763",-19.9710998535156,-116.45835875,51.37494345,2242.52807617188
"764",-20.3330001831055,-116.37502545,51.37494345,2060.83837890625
"765",-20.9365997314453,-116.29169215,51.37494345,2573.25268554688
"766",-20.0569000244141,-116.20835885,51.37494345,1880.216796875
"767",-19.2919998168945,-116.12502555,51.37494345,1599.50415039062
"768",-20.1187000274658,-116.04169225,51.37494345,2056.8955078125
"769",-19.2073001861572,-117.95835815,51.29161015,2582.86889648438
"770",-18.7458000183105,-117.87502485,51.29161015,2558.46997070312
"771",-18.2537002563477,-117.79169155,51.29161015,1131.49853515625
"772",-18.6268997192383,-117.70835825,51.29161015,1507.38879394531
"773",-18.9249000549316,-117.62502495,51.29161015,2353.6796875
"774",-18.6907997131348,-117.54169165,51.29161015,2073.037109375
"775",-18.9349994659424,-117.45835835,51.29161015,2500.61767578125
"776",-18.2644004821777,-117.37502505,51.29161015,1347.78747558594
"777",-19.5837001800537,-117.29169175,51.29161015,2177.650390625
"778",-19.9743003845215,-117.20835845,51.29161015,2255.671875
"779",-19.2896003723145,-117.12502515,51.29161015,2171.6591796875
"780",-17.7548007965088,-117.04169185,51.29161015,1300.39282226562
"781",-17.1630992889404,-116.95835855,51.29161015,793
"782",-18.5874004364014,-116.87502525,51.29161015,1249.66638183594
"783",-18.5757007598877,-116.79169195,51.29161015,1030.91979980469
"784",-19.3757991790771,-116.70835865,51.29161015,2499.62377929688
"785",-18.9409999847412,-116.62502535,51.29161015,1915.21545410156
"786",-19.2882995605469,-116.54169205,51.29161015,2480.89526367188
"787",-19.6833992004395,-116.45835875,51.29161015,1536.30322265625
"788",-19.9428005218506,-116.37502545,51.29161015,1652.90075683594
"789",-20.5955009460449,-116.29169215,51.29161015,2487.15747070312
"790",-20.730899810791,-116.20835885,51.29161015,2916.119140625
"791",-20.4445991516113,-116.12502555,51.29161015,2317.82006835938
"792",-19.2702007293701,-116.04169225,51.29161015,1697.22875976562
"793",-18.3497009277344,-117.95835815,51.20827685,1488.00695800781
"794",-18.1149005889893,-117.87502485,51.20827685,2097.68481445312
"795",-17.6366996765137,-117.79169155,51.20827685,1343.76477050781
"796",-17.9785995483398,-117.70835825,51.20827685,932.484802246094
"797",-18.3843994140625,-117.62502495,51.20827685,2051.841796875
"798",-19.2322006225586,-117.54169165,51.20827685,2650.36328125
"799",-19.4293003082275,-117.45835835,51.20827685,2436.37768554688
"800",-18.5496006011963,-117.37502505,51.20827685,1883.59204101562
"801",-18.9631996154785,-117.29169175,51.20827685,1964.44836425781
"802",-19.4955005645752,-117.20835845,51.20827685,2204.013671875
"803",-19.6422996520996,-117.12502515,51.20827685,2658.375
"804",-19.0923004150391,-117.04169185,51.20827685,2130.02392578125
"805",-17.6779003143311,-116.95835855,51.20827685,1305.6240234375
"806",-17.6875991821289,-116.87502525,51.20827685,914.093627929688
"807",-19.1254997253418,-116.79169195,51.20827685,2201.6171875
"808",-18.7784004211426,-116.70835865,51.20827685,1657.26977539062
"809",-18.1173992156982,-116.62502535,51.20827685,1070.88244628906
"810",-19.4090003967285,-116.54169205,51.20827685,1502.98352050781
"811",-19.9326000213623,-116.45835875,51.20827685,1618.53857421875
"812",-20.0877990722656,-116.37502545,51.20827685,2167.04809570312
"813",-20.0494995117188,-116.29169215,51.20827685,2094.71752929688
"814",-19.8048992156982,-116.20835885,51.20827685,1845.7236328125
"815",-19.9053001403809,-116.12502555,51.20827685,2235.57275390625
"816",-20.0690002441406,-116.04169225,51.20827685,2276.26708984375
"817",-17.5769004821777,-117.95835815,51.12494355,2112.04956054688
"818",-16.6544990539551,-117.87502485,51.12494355,916.315551757812
"819",-18.0016002655029,-117.79169155,51.12494355,1896.99731445312
"820",-18.7332992553711,-117.70835825,51.12494355,1736.23999023438
"821",-18.0545997619629,-117.62502495,51.12494355,1889.11755371094
"822",-18.3407001495361,-117.54169165,51.12494355,2198.1201171875
"823",-19.7626991271973,-117.45835835,51.12494355,1913.12084960938
"824",-19.7282009124756,-117.37502505,51.12494355,2578.26806640625
"825",-18.593900680542,-117.29169175,51.12494355,1290.01525878906
"826",-19.1159992218018,-117.20835845,51.12494355,1804.74084472656
"827",-18.7502002716064,-117.12502515,51.12494355,1898.78405761719
"828",-18.9388008117676,-117.04169185,51.12494355,1315.16833496094
"829",-18.9647998809814,-116.95835855,51.12494355,1634.10412597656
"830",-18.433500289917,-116.87502525,51.12494355,2178.54125976562
"831",-17.4111995697021,-116.79169195,51.12494355,995.075439453125
"832",-18.0301990509033,-116.70835865,51.12494355,964.23583984375
"833",-19.1177005767822,-116.62502535,51.12494355,2263.14306640625
"834",-18.3085994720459,-116.54169205,51.12494355,1358.48156738281
"835",-18.8551998138428,-116.45835875,51.12494355,1369.39196777344
"836",-19.5415992736816,-116.37502545,51.12494355,2165.830078125
"837",-20.255500793457,-116.29169215,51.12494355,1758.49438476562
"838",-19.699800491333,-116.20835885,51.12494355,2151.73095703125
"839",-19.423999786377,-116.12502555,51.12494355,1411.34020996094
"840",-20.3913993835449,-116.04169225,51.12494355,2113.4599609375
"841",-16.8631992340088,-117.95835815,51.04161025,571.625427246094
"842",-18.5508995056152,-117.87502485,51.04161025,2711.6279296875
"843",-18.5,-117.79169155,51.04161025,2337.26782226562
"844",-18.9073009490967,-117.70835825,51.04161025,2448.89428710938
"845",-17.8752002716064,-117.62502495,51.04161025,2061.06079101562
"846",-18.6362991333008,-117.54169165,51.04161025,2589.599609375
"847",-18.7036991119385,-117.45835835,51.04161025,1858.95043945312
"848",-19.6949005126953,-117.37502505,51.04161025,2209.01733398438
"849",-18.7082004547119,-117.29169175,51.04161025,2241.9384765625
"850",-19.2465991973877,-117.20835845,51.04161025,2056.61181640625
"851",-19.5412998199463,-117.12502515,51.04161025,2322.07592773438
"852",-19.5785007476807,-117.04169185,51.04161025,1775.63452148438
"853",-19.1562995910645,-116.95835855,51.04161025,2053.78051757812
"854",-18.3388004302979,-116.87502525,51.04161025,1632.36315917969
"855",-18.1501998901367,-116.79169195,51.04161025,1278.61181640625
"856",-17.5972003936768,-116.70835865,51.04161025,1384.58679199219
"857",-17.2602996826172,-116.62502535,51.04161025,932.318420410156
"858",-18.0305995941162,-116.54169205,51.04161025,999.649597167969
"859",-18.81130027771,-116.45835875,51.04161025,2257.37231445312
"860",-18.3568000793457,-116.37502545,51.04161025,1324
"861",-18.604700088501,-116.29169215,51.04161025,1282.32067871094
"862",-19.8561000823975,-116.20835885,51.04161025,2149.2294921875
"863",-20.0547008514404,-116.12502555,51.04161025,2303.02514648438
"864",-19.0638999938965,-116.04169225,51.04161025,1989.55358886719
"865",-16.9202003479004,-119.95835735,51.95827655,1508.03759765625
"866",-17.8362007141113,-119.87502405,51.95827655,1809.77954101562
"867",-17.515100479126,-119.79169075,51.95827655,1560.12963867188
"868",-17.6235008239746,-119.70835745,51.95827655,1601.72351074219
"869",-17.4193992614746,-119.62502415,51.95827655,1652.98706054688
"870",-17.4631996154785,-119.54169085,51.95827655,1591.41906738281
"871",-17.6660995483398,-119.45835755,51.95827655,1778.67761230469
"872",-16.6622009277344,-119.37502425,51.95827655,1270.37683105469
"873",-17.3432998657227,-119.29169095,51.95827655,1303.72888183594
"874",-17.5519008636475,-119.20835765,51.95827655,1192.44396972656
"875",-17.0417003631592,-119.12502435,51.95827655,1630.59118652344
"876",-17.9321994781494,-119.04169105,51.95827655,1485.75695800781
"877",-18.6082000732422,-118.95835775,51.95827655,1705.10034179688
"878",-18.0694007873535,-118.87502445,51.95827655,1951.80383300781
"879",-17.8201999664307,-118.79169115,51.95827655,1142.51916503906
"880",-18.0251007080078,-118.70835785,51.95827655,1256.91125488281
"881",-17.5237007141113,-118.62502455,51.95827655,1328.84729003906
"882",-17.3311004638672,-118.54169125,51.95827655,1063.55200195312
"883",-18.7192993164062,-118.45835795,51.95827655,2018.15087890625
"884",-18.7845993041992,-118.37502465,51.95827655,1832.33605957031
"885",-19.4589996337891,-118.29169135,51.95827655,2120.77734375
"886",-19.0426998138428,-118.20835805,51.95827655,1958.79602050781
"887",-17.6844005584717,-118.12502475,51.95827655,1358.7275390625
"888",-17.5890007019043,-118.04169145,51.95827655,753
"889",-17.0114994049072,-119.95835735,51.87494325,1476
"890",-17.8903007507324,-119.87502405,51.87494325,1769.73681640625
"891",-17.5090999603271,-119.79169075,51.87494325,1207.69812011719
"892",-17.2733001708984,-119.70835745,51.87494325,1483.39916992188
"893",-16.5480995178223,-119.62502415,51.87494325,1356.80444335938
"894",-17.3304004669189,-119.54169085,51.87494325,1651.27893066406
"895",-17.6516990661621,-119.45835755,51.87494325,1664.79516601562
"896",-16.7427997589111,-119.37502425,51.87494325,1497.87756347656
"897",-16.7451992034912,-119.29169095,51.87494325,1144.32897949219
"898",-17.774299621582,-119.20835765,51.87494325,1867.26745605469
"899",-16.3915004730225,-119.12502435,51.87494325,668
"900",-17.6054992675781,-119.04169105,51.87494325,1492.92395019531
"901",-18.2129001617432,-118.95835775,51.87494325,1777.99914550781
"902",-17.7397994995117,-118.87502445,51.87494325,1100.62097167969
"903",-17.7096996307373,-118.79169115,51.87494325,1527.62023925781
"904",-18.2134990692139,-118.70835785,51.87494325,1648
"905",-17.0254001617432,-118.62502455,51.87494325,1150.74633789062
"906",-17.6777000427246,-118.54169125,51.87494325,1344.54626464844
"907",-17.7905006408691,-118.45835795,51.87494325,1963.61535644531
"908",-18.5214996337891,-118.37502465,51.87494325,2080.41723632812
"909",-18.4692001342773,-118.29169135,51.87494325,1502.98583984375
"910",-19.2224998474121,-118.20835805,51.87494325,2244.7861328125
"911",-19.7735996246338,-118.12502475,51.87494325,2535.19750976562
"912",-18.0154991149902,-118.04169145,51.87494325,1081.50158691406
"913",-17.5207004547119,-119.95835735,51.79160995,1722.17041015625
"914",-18.0494995117188,-119.87502405,51.79160995,2238.2158203125
"915",-17.099100112915,-119.79169075,51.79160995,1745.3623046875
"916",-16.2682991027832,-119.70835745,51.79160995,826.239379882812
"917",-16.9815006256104,-119.62502415,51.79160995,1657.2978515625
"918",-17.0687999725342,-119.54169085,51.79160995,1655.2080078125
"919",-16.8556995391846,-119.45835755,51.79160995,1065.40588378906
"920",-17.0566997528076,-119.37502425,51.79160995,1829.736328125
"921",-16.5195999145508,-119.29169095,51.79160995,1002.0302734375
"922",-17.3593997955322,-119.20835765,51.79160995,1662.97277832031
"923",-16.4755001068115,-119.12502435,51.79160995,669.080017089844
"924",-17.6721000671387,-119.04169105,51.79160995,2054.33862304688
"925",-18.2894992828369,-118.95835775,51.79160995,1836.03918457031
"926",-18.2194995880127,-118.87502445,51.79160995,2109.7890625
"927",-17.8430995941162,-118.79169115,51.79160995,1120.64245605469
"928",-16.6713008880615,-118.70835785,51.79160995,1117.45947265625
"929",-16.8756999969482,-118.62502455,51.79160995,1309.08874511719
"930",-17.4985008239746,-118.54169125,51.79160995,1544.30004882812
"931",-18.3992004394531,-118.45835795,51.79160995,1542.66345214844
"932",-18.0869998931885,-118.37502465,51.79160995,1268.48999023438
"933",-18.9053993225098,-118.29169135,51.79160995,2633.56298828125
"934",-19.1009006500244,-118.20835805,51.79160995,2193.50903320312
"935",-18.6791000366211,-118.12502475,51.79160995,1567.87805175781
"936",-18.8766994476318,-118.04169145,51.79160995,2468.21044921875
"937",-16.6168003082275,-119.95835735,51.70827665,1348.849609375
"938",-17.4764003753662,-119.87502405,51.70827665,1774.67077636719
"939",-16.6907005310059,-119.79169075,51.70827665,1360.36877441406
"940",-16.0571994781494,-119.70835745,51.70827665,770.84814453125
"941",-16.6233005523682,-119.62502415,51.70827665,1320.43933105469
"942",-16.0603008270264,-119.54169085,51.70827665,1168.21704101562
"943",-16.6287002563477,-119.45835755,51.70827665,1262.32397460938
"944",-16.0429992675781,-119.37502425,51.70827665,590.17333984375
"945",-17.0365009307861,-119.29169095,51.70827665,1389.28015136719
"946",-16.558500289917,-119.20835765,51.70827665,1279.96875
"947",-16.8610992431641,-119.12502435,51.70827665,1611.90795898438
"948",-18.3484001159668,-119.04169105,51.70827665,1248.46923828125
"949",-18.3964004516602,-118.95835775,51.70827665,1802.41613769531
"950",-18.3850994110107,-118.87502445,51.70827665,2007.80810546875
"951",-17.5340995788574,-118.79169115,51.70827665,1748.02746582031
"952",-16.5053005218506,-118.70835785,51.70827665,1115.12036132812
"953",-16.4456996917725,-118.62502455,51.70827665,954.381591796875
"954",-17.985200881958,-118.54169125,51.70827665,1153.06396484375
"955",-18.5379009246826,-118.45835795,51.70827665,1944.43432617188
"956",-17.9831008911133,-118.37502465,51.70827665,1600.22802734375
"957",-18.5088005065918,-118.29169135,51.70827665,2271.79321289062
"958",-18.2796001434326,-118.20835805,51.70827665,1561.67529296875
"959",-19.1432991027832,-118.12502475,51.70827665,2331.10083007812
"960",-19.028299331665,-118.04169145,51.70827665,2285.3896484375
"961",-15.1589002609253,-119.95835735,51.62494335,410
"962",-16.0876998901367,-119.87502405,51.62494335,1427.69445800781
"963",-16.2481002807617,-119.79169075,51.62494335,1351.44055175781
"964",-15.6110000610352,-119.70835745,51.62494335,855.6328125
"965",-15.7993001937866,-119.62502415,51.62494335,1303.10131835938
"966",-16.0254993438721,-119.54169085,51.62494335,1179.76330566406
"967",-16.449800491333,-119.45835755,51.62494335,1291.38403320312
"968",-16.9074001312256,-119.37502425,51.62494335,1483.86181640625
"969",-17.1156005859375,-119.29169095,51.62494335,1820.7919921875
"970",-16.047399520874,-119.20835765,51.62494335,596.098449707031
"971",-16.7259998321533,-119.12502435,51.62494335,1161.87817382812
"972",-17.7859992980957,-119.04169105,51.62494335,1528.87561035156
"973",-17.7213001251221,-118.95835775,51.62494335,1626.96398925781
"974",-18.1840991973877,-118.87502445,51.62494335,1510.90246582031
"975",-18.0883007049561,-118.79169115,51.62494335,2237.98583984375
"976",-16.9624996185303,-118.70835785,51.62494335,1076.15124511719
"977",-16.0041007995605,-118.62502455,51.62494335,521.510803222656
"978",-16.6212005615234,-118.54169125,51.62494335,836.927185058594
"979",-16.8852996826172,-118.45835795,51.62494335,1010.91522216797
"980",-17.4969997406006,-118.37502465,51.62494335,907.470397949219
"981",-17.6956996917725,-118.29169135,51.62494335,2050.11450195312
"982",-17.5233993530273,-118.20835805,51.62494335,751.12158203125
"983",-17.8652000427246,-118.12502475,51.62494335,1570.52355957031
"984",-19.140100479126,-118.04169145,51.62494335,2255.36328125
"985",-17.0942993164062,-119.95835735,51.54161005,1913.67919921875
"986",-16.2672004699707,-119.87502405,51.54161005,1485.32446289062
"987",-15.9751996994019,-119.79169075,51.54161005,1237.28393554688
"988",-16.265100479126,-119.70835745,51.54161005,1357.87182617188
"989",-16.7695999145508,-119.62502415,51.54161005,1422.11999511719
"990",-16.3516998291016,-119.54169085,51.54161005,1174.33630371094
"991",-16.9349002838135,-119.45835755,51.54161005,1628.02478027344
"992",-16.6693000793457,-119.37502425,51.54161005,1394.33679199219
"993",-15.5670003890991,-119.29169095,51.54161005,543.418395996094
"994",-16.2940998077393,-119.20835765,51.54161005,1045.21765136719
"995",-17.0470008850098,-119.12502435,51.54161005,1306.91857910156
"996",-18.0690994262695,-119.04169105,51.54161005,1953.64660644531
"997",-17.610200881958,-118.95835775,51.54161005,1644.6328125
"998",-17.3288993835449,-118.87502445,51.54161005,1407.19616699219
"999",-18.1198997497559,-118.79169115,51.54161005,1945.57080078125
"1000",-18.1581001281738,-118.70835785,51.54161005,2015.32873535156
"1001",-17.3859996795654,-118.62502455,51.54161005,1965.30480957031
"1002",-16.6002998352051,-118.54169125,51.54161005,661.5400390625
"1003",-18.2451992034912,-118.45835795,51.54161005,2060.55688476562
"1004",-18.0958003997803,-118.37502465,51.54161005,1302.5
"1005",-17.8358993530273,-118.29169135,51.54161005,1777.19116210938
"1006",-18.4568004608154,-118.20835805,51.54161005,1626.25524902344
"1007",-18.171199798584,-118.12502475,51.54161005,1865.28881835938
"1008",-18.3640003204346,-118.04169145,51.54161005,1918.62963867188
"1009",-17.7980995178223,-119.95835735,51.45827675,2154.11279296875
"1010",-16.9776992797852,-119.87502405,51.45827675,1397.90405273438
"1011",-17.6072006225586,-119.79169075,51.45827675,2020.84484863281
"1012",-16.8535995483398,-119.70835745,51.45827675,1118.40075683594
"1013",-16.8719005584717,-119.62502415,51.45827675,1629.73034667969
"1014",-16.2462005615234,-119.54169085,51.45827675,954.074279785156
"1015",-15.1765003204346,-119.45835755,51.45827675,424
"1016",-16.4465999603271,-119.37502425,51.45827675,1189.45361328125
"1017",-16.9361000061035,-119.29169095,51.45827675,1585
"1018",-16.6261005401611,-119.20835765,51.45827675,1550.93676757812
"1019",-16.8367004394531,-119.12502435,51.45827675,1508.62963867188
"1020",-17.1595993041992,-119.04169105,51.45827675,1044.443359375
"1021",-17.3540000915527,-118.95835775,51.45827675,1652.83190917969
"1022",-16.3579006195068,-118.87502445,51.45827675,892.389587402344
"1023",-17.9836006164551,-118.79169115,51.45827675,1725.28820800781
"1024",-17.7717990875244,-118.70835785,51.45827675,1491.87023925781
"1025",-17.8808002471924,-118.62502455,51.45827675,1964.70349121094
"1026",-16.9396991729736,-118.54169125,51.45827675,982.921630859375
"1027",-16.0151996612549,-118.45835795,51.45827675,568
"1028",-17.610200881958,-118.37502465,51.45827675,1590.08520507812
"1029",-18.0223007202148,-118.29169135,51.45827675,2260.9775390625
"1030",-17.2217998504639,-118.20835805,51.45827675,1437.73840332031
"1031",-18.1327991485596,-118.12502475,51.45827675,1709.33312988281
"1032",-18.475700378418,-118.04169145,51.45827675,2179.77099609375
"1033",-17.3169994354248,-119.95835735,51.37494345,2041.89038085938
"1034",-16.3311004638672,-119.87502405,51.37494345,916.571960449219
"1035",-16.7751998901367,-119.79169075,51.37494345,1526.82238769531
"1036",-16.0930995941162,-119.70835745,51.37494345,1130.21118164062
"1037",-16.5559997558594,-119.62502415,51.37494345,1174.62536621094
"1038",-16.8512992858887,-119.54169085,51.37494345,1565.716796875
"1039",-15.0932998657227,-119.45835755,51.37494345,515.533569335938
"1040",-16.4286003112793,-119.37502425,51.37494345,1135.623046875
"1041",-16.877799987793,-119.29169095,51.37494345,1642.50939941406
"1042",-16.4640007019043,-119.20835765,51.37494345,675.080017089844
"1043",-16.8243007659912,-119.12502435,51.37494345,1550.45922851562
"1044",-17.4279003143311,-119.04169105,51.37494345,1662.73364257812
"1045",-16.2644996643066,-118.95835775,51.37494345,941.753601074219
"1046",-16.2994995117188,-118.87502445,51.37494345,1298.6396484375
"1047",-16.8589000701904,-118.79169115,51.37494345,922.87109375
"1048",-16.5701999664307,-118.70835785,51.37494345,722.136901855469
"1049",-18.0380992889404,-118.62502455,51.37494345,1960.69140625
"1050",-17.4533996582031,-118.54169125,51.37494345,874.081604003906
"1051",-16.1287994384766,-118.45835795,51.37494345,1109.34484863281
"1052",-17.0527992248535,-118.37502465,51.37494345,1337.61755371094
"1053",-18.104700088501,-118.29169135,51.37494345,1954.80590820312
"1054",-18.2406997680664,-118.20835805,51.37494345,1940.27685546875
"1055",-18.0086002349854,-118.12502475,51.37494345,1794.79602050781
"1056",-18.1427001953125,-118.04169145,51.37494345,906.10400390625
"1057",-15.7912998199463,-119.95835735,51.29161015,1101.99279785156
"1058",-15.6330995559692,-119.87502405,51.29161015,1178.72644042969
"1059",-15.4947004318237,-119.79169075,51.29161015,657.119323730469
"1060",-16.1390991210938,-119.70835745,51.29161015,1081.39953613281
"1061",-16.2315998077393,-119.62502415,51.29161015,1282.51965332031
"1062",-15.8267002105713,-119.54169085,51.29161015,1167.62390136719
"1063",-14.9256000518799,-119.45835755,51.29161015,408
"1064",-16.4088001251221,-119.37502425,51.29161015,1425.85302734375
"1065",-16.2465991973877,-119.29169095,51.29161015,1299.74475097656
"1066",-15.8634004592896,-119.20835765,51.29161015,740.928771972656
"1067",-16.1483993530273,-119.12502435,51.29161015,686.597717285156
"1068",-15.9469003677368,-119.04169105,51.29161015,933.423645019531
"1069",-15.3803997039795,-118.95835775,51.29161015,709.446411132812
"1070",-15.9223003387451,-118.87502445,51.29161015,929.310485839844
"1071",-17.8024005889893,-118.79169115,51.29161015,1920.87390136719
"1072",-17.5825996398926,-118.70835785,51.29161015,2030.17919921875
"1073",-18.1928997039795,-118.62502455,51.29161015,2071.72900390625
"1074",-19.0813007354736,-118.54169125,51.29161015,2530.26489257812
"1075",-18.181999206543,-118.45835795,51.29161015,1406.02111816406
"1076",-16.9993991851807,-118.37502465,51.29161015,2139.42358398438
"1077",-16.3623008728027,-118.29169135,51.29161015,637.288818359375
"1078",-17.0969009399414,-118.20835805,51.29161015,956.031982421875
"1079",-17.7830009460449,-118.12502475,51.29161015,1084.67687988281
"1080",-18.3731994628906,-118.04169145,51.29161015,2381.61450195312
"1081",-15.4357995986938,-119.95835735,51.20827685,1086.54797363281
"1082",-15.4659996032715,-119.87502405,51.20827685,1024.67260742188
"1083",-16.2243995666504,-119.79169075,51.20827685,1186.01196289062
"1084",-16.721399307251,-119.70835745,51.20827685,1495.78637695312
"1085",-15.9750995635986,-119.62502415,51.20827685,1099.84790039062
"1086",-14.8095998764038,-119.54169085,51.20827685,408
"1087",-16.2928009033203,-119.45835755,51.20827685,1530.04638671875
"1088",-17.2808990478516,-119.37502425,51.20827685,1482.00927734375
"1089",-17.7276992797852,-119.29169095,51.20827685,2037.11437988281
"1090",-17.4006004333496,-119.20835765,51.20827685,1976.36975097656
"1091",-16.9426002502441,-119.12502435,51.20827685,1539.53918457031
"1092",-15.5458002090454,-119.04169105,51.20827685,687.132873535156
"1093",-14.7496995925903,-118.95835775,51.20827685,450.925659179688
"1094",-16.4046001434326,-118.87502445,51.20827685,1707.68957519531
"1095",-17.0603008270264,-118.79169115,51.20827685,1223.0908203125
"1096",-17.0363006591797,-118.70835785,51.20827685,1620.84643554688
"1097",-17.5932998657227,-118.62502455,51.20827685,2017.51135253906
"1098",-18.5919990539551,-118.54169125,51.20827685,2341.57861328125
"1099",-17.8314990997314,-118.45835795,51.20827685,1996.1142578125
"1100",-17.4074993133545,-118.37502465,51.20827685,1458.49438476562
"1101",-17.3206005096436,-118.29169135,51.20827685,1570.86804199219
"1102",-16.4104995727539,-118.20835805,51.20827685,568
"1103",-17.5907001495361,-118.12502475,51.20827685,1260.60083007812
"1104",-18.4664993286133,-118.04169145,51.20827685,2488.8623046875
"1105",-15.7299003601074,-119.95835735,51.12494355,1381.6416015625
"1106",-15.4091997146606,-119.87502405,51.12494355,624.626098632812
"1107",-16.3036003112793,-119.79169075,51.12494355,1368.25915527344
"1108",-15.15149974823,-119.70835745,51.12494355,858.171997070312
"1109",-15.0693998336792,-119.62502415,51.12494355,629.98828125
"1110",-15.9078998565674,-119.54169085,51.12494355,1129.89758300781
"1111",-16.1772003173828,-119.45835755,51.12494355,1015.67120361328
"1112",-16.9587993621826,-119.37502425,51.12494355,1271.64099121094
"1113",-17.0133991241455,-119.29169095,51.12494355,1706.58825683594
"1114",-16.6914005279541,-119.20835765,51.12494355,1042.7353515625
"1115",-17.2443008422852,-119.12502435,51.12494355,1977.99987792969
"1116",-15.0030002593994,-119.04169105,51.12494355,566.744018554688
"1117",-15.3673000335693,-118.95835775,51.12494355,1121.03479003906
"1118",-15.5975999832153,-118.87502445,51.12494355,735.379211425781
"1119",-17.4349994659424,-118.79169115,51.12494355,1836.8798828125
"1120",-16.4850997924805,-118.70835785,51.12494355,1378.58093261719
"1121",-16.638500213623,-118.62502455,51.12494355,812.836547851562
"1122",-17.4277000427246,-118.54169125,51.12494355,1111.52465820312
"1123",-18.0764999389648,-118.45835795,51.12494355,2440.44946289062
"1124",-17.1459007263184,-118.37502465,51.12494355,1293.88598632812
"1125",-17.3806991577148,-118.29169135,51.12494355,1885.5751953125
"1126",-16.1594009399414,-118.20835805,51.12494355,688.204772949219
"1127",-18.0053997039795,-118.12502475,51.12494355,1349.16577148438
"1128",-18.543399810791,-118.04169145,51.12494355,1983.61096191406
"1129",-15.9849004745483,-119.95835735,51.04161025,1363.6630859375
"1130",-16.0562992095947,-119.87502405,51.04161025,1110.18798828125
"1131",-15.5420999526978,-119.79169075,51.04161025,1454.02392578125
"1132",-15.2728004455566,-119.70835745,51.04161025,695.668029785156
"1133",-17.2162990570068,-119.62502415,51.04161025,1875.88562011719
"1134",-17.0256996154785,-119.54169085,51.04161025,1586.51196289062
"1135",-15.8255996704102,-119.45835755,51.04161025,714.376770019531
"1136",-16.1082000732422,-119.37502425,51.04161025,921.149597167969
"1137",-16.7702007293701,-119.29169095,51.04161025,1398.13684082031
"1138",-16.7171001434326,-119.20835765,51.04161025,1313.041015625
"1139",-16.5177993774414,-119.12502435,51.04161025,1140.39453125
"1140",-14.805100440979,-119.04169105,51.04161025,347
"1141",-15.0102996826172,-118.95835775,51.04161025,347
"1142",-16.6424007415771,-118.87502445,51.04161025,1201.17370605469
"1143",-17.2838001251221,-118.79169115,51.04161025,1297.37023925781
"1144",-15.8680000305176,-118.70835785,51.04161025,713.741577148438
"1145",-16.9011001586914,-118.62502455,51.04161025,1656.33325195312
"1146",-17.1350994110107,-118.54169125,51.04161025,978.98876953125
"1147",-17.5410003662109,-118.45835795,51.04161025,1508.072265625
"1148",-17.3435001373291,-118.37502465,51.04161025,1530.35681152344
"1149",-16.3124008178711,-118.29169135,51.04161025,993.56640625
"1150",-15.8045997619629,-118.20835805,51.04161025,482.256591796875
"1151",-17.3327007293701,-118.12502475,51.04161025,1539.46801757812
"1152",-16.9692001342773,-118.04169145,51.04161025,1338.46020507812
